{
    "71_79_49": null,
    "77_95_14": [
        -0.17109550144584681,
        -1.062670732320387
    ],
    "34_52_30": null,
    "15_38_22": [
        -0.8954823758113318,
        -1.6378509575220015
    ],
    "52_70_90": null,
    "21_99_75": [
        -0.9483512197631414,
        -3.7659344945225732
    ],
    "55_72_5": [
        -0.07358017059380154,
        -1.2355107384971076
    ],
    "39_57_67": null,
    "95_89_71": null,
    "89_40_90": null,
    "89_87_98": null,
    "5_81_85": [
        -1.127912794578657,
        -15.072087205421344
    ],
    "64_18_33": null,
    "13_21_5": [
        -0.29024522895870347,
        -1.325139386425912
    ],
    "52_10_11": null,
    "32_81_95": null,
    "58_36_98": null,
    "70_41_15": null,
    "35_53_49": null,
    "45_53_9": [
        -0.20575689667629632,
        -0.9720208811014815
    ],
    "93_78_22": null,
    "27_64_36": [
        -0.9181073129285934,
        -1.452263057441777
    ],
    "20_52_43": null,
    "95_60_42": null,
    "3_76_65": [
        -0.8862686352851389,
        -24.447064698048194
    ],
    "16_98_40": [
        -0.43973309270533933,
        -5.685266907294661
    ],
    "37_52_77": null,
    "62_92_87": null,
    "62_89_91": null,
    "35_80_81": null,
    "11_48_84": null,
    "41_1_19": null,
    "11_97_82": [
        -0.9470774501218884,
        -7.871104368059931
    ],
    "1_73_2": [
        -0.02740755032623099,
        -72.97259244967377
    ],
    "13_14_56": null,
    "41_45_83": null,
    "46_19_55": null,
    "95_48_82": null,
    "35_84_47": [
        -0.8883225110104083,
        -1.5116774889895919
    ],
    "89_3_64": null,
    "62_72_81": null,
    "65_92_3": [
        -0.03339670766734993,
        -1.3819879077172657
    ],
    "37_29_10": null,
    "74_82_76": null,
    "83_68_55": null,
    "79_6_82": null,
    "56_84_17": [
        -0.24114975540089262,
        -1.2588502445991074
    ],
    "84_14_63": null,
    "66_95_45": null,
    "33_78_65": null,
    "96_69_23": null,
    "5_66_81": [
        -1.3693212677511917,
        -11.830678732248808
    ],
    "50_12_65": null,
    "81_77_98": null,
    "28_90_40": [
        -0.5327422173934769,
        -2.6815434968922376
    ],
    "85_96_10": [
        -0.1161017420014678,
        -1.0133100227044145
    ],
    "88_83_33": null,
    "60_72_74": null,
    "43_62_34": null,
    "69_100_98": null,
    "23_55_27": [
        -0.6900128978429126,
        -1.7012914499831744
    ],
    "12_32_91": null,
    "24_11_80": null,
    "77_27_26": null,
    "64_35_66": null,
    "6_37_10": [
        -0.2832837305980931,
        -5.883382936068574
    ],
    "57_99_91": null,
    "18_38_78": null,
    "45_78_70": null,
    "82_41_4": [
        -0.13286967858354545,
        -0.3671303214164545
    ],
    "6_93_13": [
        -0.1410688442243521,
        -15.358931155775648
    ],
    "65_91_39": null,
    "68_68_66": null,
    "98_89_94": null,
    "25_15_90": null,
    "1_86_77": [
        -0.9048696403016265,
        -85.09513035969837
    ],
    "96_83_63": null,
    "28_38_6": [
        -0.182412714662507,
        -1.17473014248035
    ],
    "94_4_100": null,
    "14_54_20": [
        -0.4150271356844935,
        -3.4421157214583635
    ],
    "68_54_83": null,
    "79_81_67": null,
    "73_74_41": null,
    "65_13_66": null,
    "100_91_29": null,
    "26_28_49": null,
    "55_21_63": null,
    "63_5_65": null,
    "87_60_53": null,
    "16_60_38": [
        -0.8069995318353087,
        -2.9430004681646915
    ],
    "10_96_71": [
        -0.8075070444645739,
        -8.792492955535426
    ],
    "39_88_95": null,
    "50_72_31": null,
    "3_100_46": [
        -0.46652949303617675,
        -32.86680384029716
    ],
    "22_32_29": null,
    "61_95_49": null,
    "36_34_92": null,
    "45_36_59": null,
    "34_39_45": null,
    "36_74_79": null
}