{
    "2_87_8": [
        -0.09214922943645476,
        -43.40785077056354
    ],
    "76_91_21": [
        -0.31214102973180835,
        -0.8852273913208232
    ],
    "93_97_16": [
        -0.20539646029915914,
        -0.837614292389013
    ],
    "67_98_75": null,
    "31_92_25": [
        -0.3025913920257707,
        -2.6651505434581
    ],
    "59_34_38": null,
    "43_12_1": null,
    "86_83_10": [
        -0.14111518930172037,
        -0.824001089768047
    ],
    "45_9_81": null,
    "26_3_85": null,
    "85_29_42": null,
    "36_61_85": null,
    "3_23_57": null,
    "3_88_43": [
        -0.49705912877847896,
        -28.836274204554854
    ],
    "79_28_1": [
        -0.04029552118491179,
        -0.3141348585619237
    ],
    "79_66_22": null,
    "35_65_55": null,
    "71_36_64": null,
    "89_54_18": null,
    "75_51_67": null,
    "100_57_33": null,
    "51_55_2": [
        -0.03768017402240538,
        -1.0407511985266142
    ],
    "55_21_70": null,
    "58_44_18": null,
    "80_85_20": [
        -0.3517324172956866,
        -0.7107675827043134
    ],
    "88_25_25": null,
    "33_15_66": null,
    "95_5_10": null,
    "31_67_57": null,
    "34_79_1": [
        -0.012727949669555476,
        -2.3108014620951507
    ],
    "13_59_74": null,
    "70_23_60": null,
    "58_73_2": [
        -0.028021103707868658,
        -1.2305995859473038
    ],
    "88_68_83": null,
    "68_68_64": null,
    "38_35_38": null,
    "73_34_21": null,
    "86_7_98": null,
    "27_96_21": [
        -0.23417289006113282,
        -3.321382665494423
    ],
    "65_99_17": [
        -0.1972669250740521,
        -1.325809998002871
    ],
    "72_5_52": null,
    "87_25_85": null,
    "100_11_98": null,
    "68_24_33": null,
    "68_10_40": null,
    "83_30_75": null,
    "51_98_45": [
        -0.7589092129218236,
        -1.1626594145291569
    ],
    "55_65_20": null,
    "76_21_44": null,
    "17_58_42": [
        -1.0429748429656092,
        -2.368789862916744
    ],
    "26_20_92": null,
    "85_26_18": null,
    "62_91_17": [
        -0.21969877002273933,
        -1.2480431654611317
    ],
    "87_14_17": null,
    "60_50_71": null,
    "41_43_21": null,
    "21_79_66": [
        -1.2523629151217104,
        -2.5095418467830517
    ],
    "81_59_4": [
        -0.07565442240690759,
        -0.6527406393214875
    ],
    "9_21_100": null,
    "97_40_8": null,
    "94_92_69": null,
    "66_73_28": null,
    "54_48_26": null,
    "99_10_69": null,
    "61_61_93": null,
    "35_25_60": null,
    "62_87_17": [
        -0.23463633252247013,
        -1.168589473929143
    ],
    "57_15_26": null,
    "38_97_16": [
        -0.1772573911704429,
        -2.375374187776926
    ],
    "58_7_11": null,
    "13_90_84": [
        -1.1119193308767286,
        -5.811157592200194
    ],
    "39_100_81": null,
    "23_39_54": null,
    "92_15_58": null,
    "42_53_74": null,
    "20_32_78": null,
    "81_58_62": null,
    "90_98_25": [
        -0.4079088252506166,
        -0.6809800636382722
    ],
    "88_29_77": null,
    "60_34_9": null,
    "90_51_19": null,
    "69_66_79": null,
    "77_71_58": null,
    "43_70_23": [
        -0.4566908954479717,
        -1.1712160812962145
    ],
    "57_51_68": null,
    "13_25_76": null,
    "52_21_44": null,
    "74_47_7": [
        -0.23848175736000252,
        -0.3966533777751326
    ],
    "59_63_79": null,
    "87_54_31": null,
    "90_47_19": null,
    "27_67_47": null,
    "65_18_24": null,
    "1_10_8": [
        -0.8768943743823394,
        -9.123105625617661
    ],
    "13_30_41": null,
    "74_18_56": null,
    "94_38_81": null,
    "19_12_32": null,
    "96_52_7": [
        -0.25,
        -0.2916666666666667
    ],
    "56_14_98": null
}