{
    "(59, 71, 77)": null,
    "(20, 72, 43)": [
        -0.755969349108945,
        -2.8440306508910553
    ],
    "(76, 20, 78)": null,
    "(71, 53, 96)": null,
    "(3, 77, 92)": [
        -1.2562966754584959,
        -24.41036999120817
    ],
    "(56, 81, 50)": null,
    "(14, 67, 84)": null,
    "(68, 32, 17)": null,
    "(4, 14, 27)": null,
    "(89, 54, 37)": null,
    "(44, 38, 86)": null,
    "(55, 27, 4)": null,
    "(79, 64, 97)": null,
    "(62, 15, 62)": null,
    "(98, 83, 81)": null,
    "(66, 4, 8)": null,
    "(51, 60, 20)": null,
    "(8, 41, 96)": null,
    "(64, 78, 1)": [
        -0.012958291125240162,
        -1.2057917088747598
    ],
    "(86, 45, 7)": null,
    "(100, 99, 29)": null,
    "(66, 81, 59)": null,
    "(52, 59, 24)": null,
    "(59, 79, 79)": null,
    "(39, 51, 22)": null,
    "(79, 64, 73)": null,
    "(14, 53, 33)": [
        -0.7857142857142857,
        -3.0
    ],
    "(61, 87, 63)": null,
    "(15, 49, 46)": null,
    "(2, 41, 37)": [
        -0.9461029670358023,
        -19.553897032964198
    ],
    "(97, 85, 35)": null,
    "(86, 70, 17)": null,
    "(36, 55, 54)": null,
    "(8, 61, 67)": [
        -1.3305337935419024,
        -6.294466206458098
    ],
    "(55, 33, 56)": null,
    "(27, 96, 15)": [
        -0.16379566151845004,
        -3.3917598940371056
    ],
    "(13, 88, 60)": [
        -0.7692307692307693,
        -6.0
    ],
    "(54, 96, 67)": null,
    "(43, 38, 93)": null,
    "(80, 32, 97)": null,
    "(57, 24, 17)": null,
    "(23, 5, 83)": null,
    "(74, 78, 83)": null,
    "(86, 70, 47)": null,
    "(91, 88, 36)": null,
    "(35, 11, 51)": null,
    "(98, 40, 13)": null,
    "(64, 71, 16)": [
        -0.3145245914228219,
        -0.7948504085771781
    ],
    "(33, 4, 54)": null,
    "(13, 5, 16)": null,
    "(26, 37, 28)": null,
    "(86, 39, 1)": [
        -0.027282362809204156,
        -0.4262060092838191
    ],
    "(16, 23, 52)": null,
    "(79, 49, 3)": [
        -0.06887191705638078,
        -0.5513812475005813
    ],
    "(39, 40, 61)": null,
    "(83, 32, 83)": null,
    "(73, 5, 98)": null,
    "(8, 89, 47)": [
        -0.5558637789429914,
        -10.569136221057008
    ],
    "(94, 91, 31)": null,
    "(100, 41, 74)": null,
    "(93, 95, 56)": null,
    "(13, 31, 35)": null,
    "(7, 88, 82)": [
        -1.0135308322154475,
        -11.557897739213123
    ],
    "(3, 48, 62)": [
        -1.4171941139561675,
        -14.582805886043834
    ],
    "(90, 32, 31)": null,
    "(62, 55, 21)": null,
    "(97, 82, 34)": null,
    "(58, 6, 67)": null,
    "(43, 21, 63)": null,
    "(74, 46, 66)": null,
    "(81, 18, 94)": null,
    "(82, 39, 47)": null,
    "(15, 23, 21)": null,
    "(61, 87, 64)": null,
    "(23, 47, 50)": null,
    "(70, 70, 94)": null,
    "(64, 3, 88)": null,
    "(77, 34, 33)": null,
    "(93, 19, 31)": null,
    "(37, 7, 58)": null,
    "(15, 36, 48)": null,
    "(19, 37, 28)": null,
    "(22, 9, 28)": null,
    "(58, 34, 65)": null,
    "(44, 35, 38)": null,
    "(82, 5, 28)": null,
    "(47, 17, 90)": null,
    "(69, 58, 74)": null,
    "(90, 23, 36)": null,
    "(73, 28, 27)": null,
    "(51, 90, 20)": [
        -0.2607502947393193,
        -1.503955587613622
    ],
    "(54, 67, 8)": [
        -0.13384056831779068,
        -1.10690017242295
    ],
    "(58, 21, 73)": null,
    "(26, 64, 12)": [
        -0.20448737968258968,
        -2.257051081855872
    ],
    "(22, 54, 93)": null,
    "(24, 55, 83)": null,
    "(74, 85, 97)": null,
    "(68, 72, 5)": [
        -0.07471691665469686,
        -0.9841066127570679
    ],
    "(29, 98, 97)": null,
    "(98, 20, 48)": null
}