{
    "86_45_87": null,
    "35_82_88": null,
    "72_90_4": [
        -0.046148167106258145,
        -1.203851832893742
    ],
    "59_1_69": null,
    "94_15_30": null,
    "80_54_39": null,
    "44_77_35": null,
    "90_43_87": null,
    "43_68_78": null,
    "74_5_87": null,
    "49_30_39": null,
    "61_4_21": null,
    "70_7_99": null,
    "41_96_65": null,
    "63_66_82": null,
    "91_7_1": null,
    "27_84_38": [
        -0.5494016513180648,
        -2.5617094597930463
    ],
    "13_63_10": [
        -0.16430048307291947,
        -4.6818533630809265
    ],
    "77_89_72": null,
    "79_57_76": null,
    "32_15_63": null,
    "64_35_80": null,
    "52_68_9": [
        -0.14942780582292306,
        -1.1582645018693847
    ],
    "45_38_18": null,
    "87_29_21": null,
    "21_29_100": null,
    "30_15_59": null,
    "84_63_40": null,
    "98_95_17": [
        -0.2367850895253808,
        -0.7326026655766601
    ],
    "20_56_82": null,
    "2_34_64": [
        -2.15571122977524,
        -14.844288770224761
    ],
    "57_78_91": null,
    "24_60_66": null,
    "79_2_2": null,
    "99_61_68": null,
    "76_16_55": null,
    "80_80_33": null,
    "73_52_44": null,
    "4_94_51": [
        -0.5556934113809451,
        -22.944306588619057
    ],
    "16_45_91": null,
    "91_81_60": null,
    "68_45_21": null,
    "29_96_29": [
        -0.3362350690410153,
        -2.9741097585451914
    ],
    "68_13_94": null,
    "26_10_4": null,
    "43_100_61": null,
    "14_61_14": [
        -0.2430680135943959,
        -4.114074843548461
    ],
    "61_75_88": null,
    "16_32_96": null,
    "51_35_86": null,
    "92_83_25": null,
    "86_97_38": null,
    "96_40_3": [
        -0.09809369537230872,
        -0.31857297129435797
    ],
    "68_8_43": null,
    "100_14_31": null,
    "95_82_52": null,
    "31_16_56": null,
    "9_38_84": null,
    "35_46_32": null,
    "85_60_42": null,
    "56_80_92": null,
    "43_63_62": null,
    "87_94_11": [
        -0.13352170085162915,
        -0.9469380692633134
    ],
    "2_25_36": [
        -1.6606100623285451,
        -10.839389937671456
    ],
    "23_54_23": [
        -0.5590375815769152,
        -1.7887885053796067
    ],
    "47_45_19": null,
    "56_78_1": [
        -0.01294074253554862,
        -1.3799164003215942
    ],
    "69_98_26": [
        -0.35308159435492986,
        -1.067208260717534
    ],
    "29_10_55": null,
    "74_100_98": null,
    "97_49_45": null,
    "52_26_33": null,
    "71_13_77": null,
    "50_49_16": null,
    "80_64_15": null,
    "52_52_93": null,
    "57_57_66": null,
    "98_53_5": [
        -0.12174691546598505,
        -0.4190694110646272
    ],
    "7_82_23": [
        -0.2875460886805925,
        -11.426739625605121
    ],
    "11_36_43": null,
    "35_71_48": null,
    "60_86_88": null,
    "55_84_73": null,
    "59_18_29": null,
    "63_51_37": null,
    "9_74_31": [
        -0.44276132906240506,
        -7.7794608931598175
    ],
    "41_78_81": null,
    "68_63_100": null,
    "82_99_47": null,
    "44_56_79": null,
    "75_88_43": null,
    "69_73_96": null,
    "45_12_59": null,
    "29_38_95": null,
    "54_79_44": null,
    "44_9_36": null,
    "91_71_12": [
        -0.24757009042777092,
        -0.5326496897920093
    ],
    "20_22_29": null,
    "23_1_2": null,
    "71_81_70": null
}